{
	"name": "viewreport_history_api_ls",
	"properties": {
		"type": "RestService",
		"annotations": [],
		"typeProperties": {
			"url": "@{concat('https://api.powerbi.com/v1.0/myorg/admin/activityevents?startDateTime=''',substring(addDays(utcNow(), -1), 0, 10),'T00%3A00%3A00.000Z''&endDateTime=''',substring(addDays(utcNow(), -1), 0, 10),'T23%3A59%3A59.000Z''&%24filter=Activity%20eq%20''viewreport''')}",
			"enableServerCertificateValidation": "true",
			"authenticationType": "OAuth2ClientCredential",
			"clientId": "6077f1b3-2daf-4b4f-9dc7-f6126cf209be",
			"tokenEndpoint": "https://login.microsoftonline.com/008502d6-3f79-46f0-ab37-9354e3fe80ff/oauth2/v2.0/token",
			"dataFactoryName": "UsageMetricsDF",
			"clientsecret": ".TR8Q~Jhhvx3rUBMXX4Ksyr1XZNMO8OellLDNazb",
			"scope": "https://analysis.windows.net/powerbi/api/.default"
		}
	}
}