{
	"name": "ds_getreport_pages",
	"properties": {
		"linkedServiceName": {
			"referenceName": "getgroups_sql_ls",
			"type": "LinkedServiceReference"
		},
		"annotations": [],
		"type": "AzureSqlTable",
		"schema": [
			{
				"name": "report_id",
				"type": "varchar"
			},
			{
				"name": "workspace_id",
				"type": "varchar"
			},
			{
				"name": "name",
				"type": "varchar"
			},
			{
				"name": "displayame",
				"type": "varchar"
			},
			{
				"name": "report_order",
				"type": "varchar"
			},
			{
				"name": "updated_time",
				"type": "datetime",
				"precision": 23,
				"scale": 3
			}
		],
		"typeProperties": {
			"schema": "dbo",
			"table": "report_pages"
		}
	}
}