{
	"name": "get_dataset_refrehses_api_ds",
	"properties": {
		"linkedServiceName": {
			"referenceName": "get_dataset_refrehses_api_ls",
			"type": "LinkedServiceReference",
			"parameters": {
				"groupid": {
					"value": "@dataset().groupid",
					"type": "Expression"
				},
				"datasetid": {
					"value": "@dataset().datasetid",
					"type": "Expression"
				}
			}
		},
		"parameters": {
			"groupid": {
				"type": "string"
			},
			"datasetid": {
				"type": "string"
			}
		},
		"annotations": [],
		"type": "RestResource",
		"schema": []
	}
}