{
	"name": "getcontroltable_sql_ds",
	"properties": {
		"linkedServiceName": {
			"referenceName": "getgroups_sql_ls",
			"type": "LinkedServiceReference"
		},
		"annotations": [],
		"type": "AzureSqlTable",
		"schema": [
			{
				"name": "ID",
				"type": "int",
				"precision": 10
			},
			{
				"name": "RunDate",
				"type": "datetime",
				"precision": 23,
				"scale": 3
			},
			{
				"name": "ProcessName",
				"type": "varchar"
			},
			{
				"name": "ProcessStartDate",
				"type": "datetime",
				"precision": 23,
				"scale": 3
			},
			{
				"name": "ProcessEndDate",
				"type": "datetime",
				"precision": 23,
				"scale": 3
			},
			{
				"name": "MaxModifiedDate",
				"type": "datetime",
				"precision": 23,
				"scale": 3
			},
			{
				"name": "CreatedDate",
				"type": "datetime",
				"precision": 23,
				"scale": 3
			}
		],
		"typeProperties": {
			"schema": "dbo",
			"table": "DeltaLoadProcessingControl"
		}
	}
}