{
	"name": "getdatasets_current_api_ds",
	"properties": {
		"linkedServiceName": {
			"referenceName": "getdatasets_current_api_ls",
			"type": "LinkedServiceReference",
			"parameters": {
				"Created_Date": {
					"value": "@dataset().Created_Date",
					"type": "Expression"
				}
			}
		},
		"parameters": {
			"Created_Date": {
				"type": "string",
				"defaultValue": "@activity('Lookup1').output.firstRow.MaxModifiedDate"
			}
		},
		"annotations": [],
		"type": "RestResource",
		"schema": []
	}
}