{
	"name": "getdataflow_sql_ds",
	"properties": {
		"linkedServiceName": {
			"referenceName": "getgroups_sql_ls",
			"type": "LinkedServiceReference"
		},
		"annotations": [],
		"type": "AzureSqlTable",
		"schema": [
			{
				"name": "objectId",
				"type": "varchar"
			},
			{
				"name": "name",
				"type": "varchar"
			},
			{
				"name": "description",
				"type": "varchar"
			},
			{
				"name": "workspaceId",
				"type": "varchar"
			},
			{
				"name": "configuredBy",
				"type": "varchar"
			},
			{
				"name": "updatedtime",
				"type": "datetime",
				"precision": 23,
				"scale": 3
			}
		],
		"typeProperties": {
			"schema": "dbo",
			"table": "dataflow"
		}
	}
}