{
	"name": "getdataset_sql_ds",
	"properties": {
		"linkedServiceName": {
			"referenceName": "getgroups_sql_ls",
			"type": "LinkedServiceReference"
		},
		"annotations": [],
		"type": "AzureSqlTable",
		"schema": [
			{
				"name": "id",
				"type": "varchar"
			},
			{
				"name": "name",
				"type": "varchar"
			},
			{
				"name": "webUrl",
				"type": "varchar"
			},
			{
				"name": "addRowsAPIEnabled",
				"type": "varchar"
			},
			{
				"name": "configuredBy",
				"type": "varchar"
			},
			{
				"name": "isRefreshable",
				"type": "varchar"
			},
			{
				"name": "isEffectiveIdentityRequired",
				"type": "varchar"
			},
			{
				"name": "isEffectiveIdentityRolesRequired",
				"type": "varchar"
			},
			{
				"name": "targetStorageMode",
				"type": "varchar"
			},
			{
				"name": "createdDate",
				"type": "varchar"
			},
			{
				"name": "contentProviderType",
				"type": "varchar"
			},
			{
				"name": "createReportEmbedURL",
				"type": "varchar"
			},
			{
				"name": "qnaEmbedURL",
				"type": "varchar"
			},
			{
				"name": "isInPlaceSharingEnabled",
				"type": "varchar"
			},
			{
				"name": "workspaceId",
				"type": "varchar"
			},
			{
				"name": "autoSyncReadOnlyReplicas",
				"type": "varchar"
			},
			{
				"name": "maxReadOnlyReplicas",
				"type": "varchar"
			},
			{
				"name": "updatedtime",
				"type": "datetime",
				"precision": 23,
				"scale": 3
			}
		],
		"typeProperties": {
			"schema": "dbo",
			"table": "datasets"
		}
	}
}