{
	"name": "getdataflow_refreshes_api_ds",
	"properties": {
		"linkedServiceName": {
			"referenceName": "getdataflow_refreshes_ls",
			"type": "LinkedServiceReference",
			"parameters": {
				"groupid": {
					"value": "@dataset().groupid",
					"type": "Expression"
				},
				"dataflowid": {
					"value": "@dataset().dataflowid",
					"type": "Expression"
				}
			}
		},
		"parameters": {
			"groupid": {
				"type": "string"
			},
			"dataflowid": {
				"type": "string"
			}
		},
		"annotations": [],
		"type": "RestResource",
		"schema": []
	}
}