{
	"name": "getdataflow_refreshes_sql_ds",
	"properties": {
		"linkedServiceName": {
			"referenceName": "getgroups_sql_ls",
			"type": "LinkedServiceReference"
		},
		"annotations": [],
		"type": "AzureSqlTable",
		"schema": [
			{
				"name": "workspace_id",
				"type": "varchar"
			},
			{
				"name": "dataflow_id",
				"type": "varchar"
			},
			{
				"name": "id",
				"type": "varchar"
			},
			{
				"name": "refreshType",
				"type": "varchar"
			},
			{
				"name": "startTime",
				"type": "datetime2",
				"scale": 7
			},
			{
				"name": "endTime",
				"type": "datetime2",
				"scale": 7
			},
			{
				"name": "status",
				"type": "varchar"
			},
			{
				"name": "updated_time",
				"type": "datetime",
				"precision": 23,
				"scale": 3
			}
		],
		"typeProperties": {
			"schema": "dbo",
			"table": "dataflow_refresh"
		}
	}
}