{
	"name": "getgroupsusers_sql_ds",
	"properties": {
		"linkedServiceName": {
			"referenceName": "getgroups_sql_ls",
			"type": "LinkedServiceReference"
		},
		"annotations": [],
		"type": "AzureSqlTable",
		"schema": [
			{
				"name": "emailAddress",
				"type": "varchar"
			},
			{
				"name": "groupUserAccessRight",
				"type": "varchar"
			},
			{
				"name": "displayName",
				"type": "varchar"
			},
			{
				"name": "identifier",
				"type": "varchar"
			},
			{
				"name": "graphId",
				"type": "varchar"
			},
			{
				"name": "principalType",
				"type": "varchar"
			},
			{
				"name": "userType",
				"type": "varchar"
			},
			{
				"name": "group_id",
				"type": "varchar"
			},
			{
				"name": "updatedtime",
				"type": "datetime",
				"precision": 23,
				"scale": 3
			}
		],
		"typeProperties": {
			"schema": "dbo",
			"table": "groupusers"
		}
	}
}