{
	"name": "getrefresh_schedule_sql_ds",
	"properties": {
		"linkedServiceName": {
			"referenceName": "getgroups_sql_ls",
			"type": "LinkedServiceReference"
		},
		"annotations": [],
		"type": "AzureSqlTable",
		"schema": [
			{
				"name": "index_no",
				"type": "int",
				"precision": 10
			},
			{
				"name": "dataset_id",
				"type": "varchar"
			},
			{
				"name": "workspace_id",
				"type": "varchar"
			},
			{
				"name": "days",
				"type": "varchar"
			},
			{
				"name": "times",
				"type": "varchar"
			},
			{
				"name": "enabled",
				"type": "varchar"
			},
			{
				"name": "localTimeZoneId",
				"type": "varchar"
			},
			{
				"name": "notifyOption",
				"type": "varchar"
			},
			{
				"name": "updated_time",
				"type": "datetime",
				"precision": 23,
				"scale": 3
			}
		],
		"typeProperties": {
			"schema": "dbo",
			"table": "refresh_schedules"
		}
	}
}