{
	"name": "getreport_pages_api_ds",
	"properties": {
		"linkedServiceName": {
			"referenceName": "getreport_pages_api_ls",
			"type": "LinkedServiceReference",
			"parameters": {
				"reportid": {
					"value": "@dataset().reportid",
					"type": "Expression"
				},
				"groupid": {
					"value": "@dataset().groupid",
					"type": "Expression"
				}
			}
		},
		"parameters": {
			"reportid": {
				"type": "string"
			},
			"groupid": {
				"type": "string"
			}
		},
		"annotations": [],
		"type": "RestResource",
		"schema": []
	}
}