{
	"name": "getreports_current_api_ds",
	"properties": {
		"linkedServiceName": {
			"referenceName": "getreports_current_api_ls",
			"type": "LinkedServiceReference",
			"parameters": {
				"date": {
					"value": "@dataset().date",
					"type": "Expression"
				}
			}
		},
		"parameters": {
			"date": {
				"type": "string",
				"defaultValue": "@activity('Lookup1').output.firstRow.MaxModifiedDate"
			}
		},
		"annotations": [],
		"type": "RestResource",
		"schema": []
	},
	"type": "Microsoft.DataFactory/factories/datasets"
}