{
	"name": "getusers_sql_ds",
	"properties": {
		"linkedServiceName": {
			"referenceName": "getgroups_sql_ls",
			"type": "LinkedServiceReference"
		},
		"annotations": [],
		"type": "AzureSqlTable",
		"schema": [
			{
				"name": "report_user_access_right",
				"type": "varchar"
			},
			{
				"name": "email_address",
				"type": "varchar"
			},
			{
				"name": "display_name",
				"type": "varchar"
			},
			{
				"name": "identifier",
				"type": "varchar"
			},
			{
				"name": "graph_id",
				"type": "varchar"
			},
			{
				"name": "principal_type",
				"type": "varchar"
			},
			{
				"name": "user_type",
				"type": "varchar"
			},
			{
				"name": "report_id",
				"type": "varchar"
			},
			{
				"name": "updated_time",
				"type": "datetime",
				"precision": 23,
				"scale": 3
			}
		],
		"typeProperties": {
			"schema": "dbo",
			"table": "users"
		}
	}
}