{
	"name": "viewreports_sql_ds",
	"properties": {
		"linkedServiceName": {
			"referenceName": "getgroups_sql_ls",
			"type": "LinkedServiceReference"
		},
		"annotations": [],
		"type": "AzureSqlTable",
		"schema": [
			{
				"name": "Id",
				"type": "varchar"
			},
			{
				"name": "RecordType",
				"type": "int",
				"precision": 10
			},
			{
				"name": "CreationTime",
				"type": "datetime",
				"precision": 23,
				"scale": 3
			},
			{
				"name": "Operation",
				"type": "varchar"
			},
			{
				"name": "OrganizationId",
				"type": "varchar"
			},
			{
				"name": "UserType",
				"type": "int",
				"precision": 10
			},
			{
				"name": "UserKey",
				"type": "varchar"
			},
			{
				"name": "Workload",
				"type": "varchar"
			},
			{
				"name": "UserId",
				"type": "varchar"
			},
			{
				"name": "ClientIP",
				"type": "varchar"
			},
			{
				"name": "Activity",
				"type": "varchar"
			},
			{
				"name": "ItemName",
				"type": "varchar"
			},
			{
				"name": "WorkSpaceName",
				"type": "varchar"
			},
			{
				"name": "DatasetName",
				"type": "varchar"
			},
			{
				"name": "ReportName",
				"type": "varchar"
			},
			{
				"name": "CapacityId",
				"type": "varchar"
			},
			{
				"name": "CapacityName",
				"type": "varchar"
			},
			{
				"name": "WorkspaceId",
				"type": "varchar"
			},
			{
				"name": "ObjectId",
				"type": "varchar"
			},
			{
				"name": "DatasetId",
				"type": "varchar"
			},
			{
				"name": "ReportId",
				"type": "varchar"
			},
			{
				"name": "EmbedTokenId",
				"type": "varchar"
			},
			{
				"name": "ArtifactId",
				"type": "varchar"
			},
			{
				"name": "ArtifactName",
				"type": "varchar"
			},
			{
				"name": "IsSuccess",
				"type": "varchar"
			},
			{
				"name": "ReportType",
				"type": "varchar"
			},
			{
				"name": "RequestId",
				"type": "varchar"
			},
			{
				"name": "ActivityId",
				"type": "varchar"
			},
			{
				"name": "DistributionMethod",
				"type": "varchar"
			},
			{
				"name": "ConsumptionMethod",
				"type": "varchar"
			},
			{
				"name": "ArtifactKind",
				"type": "varchar"
			},
			{
				"name": "RefreshEnforcementPolicy",
				"type": "varchar"
			}
		],
		"typeProperties": {
			"schema": "dbo",
			"table": "viewreports"
		}
	}
}