{
	"name": "get_refresh_schedules",
	"properties": {
		"activities": [
			{
				"name": "Lookup1",
				"type": "Lookup",
				"dependsOn": [],
				"policy": {
					"timeout": "0.12:00:00",
					"retry": 0,
					"retryIntervalInSeconds": 30,
					"secureOutput": false,
					"secureInput": false
				},
				"userProperties": [],
				"typeProperties": {
					"source": {
						"type": "AzureSqlSource",
						"queryTimeout": "02:00:00",
						"partitionOption": "None"
					},
					"dataset": {
						"referenceName": "getdataset_sql_ds",
						"type": "DatasetReference"
					},
					"firstRowOnly": false
				}
			},
			{
				"name": "ForEach1",
				"type": "ForEach",
				"dependsOn": [
					{
						"activity": "Lookup1",
						"dependencyConditions": [
							"Succeeded"
						]
					}
				],
				"userProperties": [],
				"typeProperties": {
					"items": {
						"value": "@activity('Lookup1').output.value",
						"type": "Expression"
					},
					"isSequential": true,
					"activities": [
						{
							"name": "Data flow1",
							"type": "ExecuteDataFlow",
							"dependsOn": [],
							"policy": {
								"timeout": "0.12:00:00",
								"retry": 0,
								"retryIntervalInSeconds": 30,
								"secureOutput": false,
								"secureInput": false
							},
							"userProperties": [],
							"typeProperties": {
								"dataflow": {
									"referenceName": "get_refresh_schedules_dataflow",
									"type": "DataFlowReference",
									"parameters": {
										"groupid": {
											"value": "'@{item().id}'",
											"type": "Expression"
										},
										"datasetid": {
											"value": "'@{item().datasetid}'",
											"type": "Expression"
										}
									},
									"datasetParameters": {
										"source1": {
											"groupid": {
												"value": "@item().id",
												"type": "Expression"
											},
											"datasetid": {
												"value": "@item().datasetid",
												"type": "Expression"
											}
										}
									}
								},
								"compute": {
									"coreCount": 8,
									"computeType": "General"
								},
								"traceLevel": "Fine"
							}
						}
					]
				}
			}
		],
		"annotations": []
	}
}