{
	"name": "get_dataset_refreshes",
	"properties": {
		"activities": [
			{
				"name": "Lookup1",
				"type": "Lookup",
				"dependsOn": [],
				"policy": {
					"timeout": "0.12:00:00",
					"retry": 0,
					"retryIntervalInSeconds": 30,
					"secureOutput": false,
					"secureInput": false
				},
				"userProperties": [],
				"typeProperties": {
					"source": {
						"type": "AzureSqlSource",
						"queryTimeout": "02:00:00",
						"partitionOption": "None"
					},
					"dataset": {
						"referenceName": "getdataset_sql_ds",
						"type": "DatasetReference"
					},
					"firstRowOnly": false
				}
			},
			{
				"name": "ForEach1",
				"type": "ForEach",
				"dependsOn": [
					{
						"activity": "Lookup1",
						"dependencyConditions": [
							"Succeeded"
						]
					}
				],
				"userProperties": [],
				"typeProperties": {
					"items": {
						"value": "@activity('Lookup1').output.value",
						"type": "Expression"
					},
					"isSequential": true,
					"activities": [
						{
							"name": "Copy data1",
							"type": "Copy",
							"dependsOn": [],
							"policy": {
								"timeout": "0.12:00:00",
								"retry": 0,
								"retryIntervalInSeconds": 30,
								"secureOutput": false,
								"secureInput": false
							},
							"userProperties": [],
							"typeProperties": {
								"source": {
									"type": "RestSource",
									"additionalColumns": [
										{
											"name": "datasetid",
											"value": {
												"value": "@item().id",
												"type": "Expression"
											}
										},
										{
											"name": "groupid",
											"value": {
												"value": "@item().workspaceId",
												"type": "Expression"
											}
										}
									],
									"httpRequestTimeout": "00:01:40",
									"requestInterval": "00.00:00:00.010",
									"requestMethod": "GET",
									"paginationRules": {
										"supportRFC5988": "true"
									}
								},
								"sink": {
									"type": "AzureSqlSink",
									"writeBehavior": "upsert",
									"upsertSettings": {
										"useTempDB": true,
										"keys": [
											"Refresh_id"
										]
									},
									"sqlWriterUseTableLock": false,
									"disableMetricsCollection": false
								},
								"enableStaging": false,
								"translator": {
									"type": "TabularTranslator",
									"mappings": [
										{
											"source": {
												"path": "['requestId']"
											},
											"sink": {
												"name": "requestId",
												"type": "String"
											}
										},
										{
											"source": {
												"path": "['id']"
											},
											"sink": {
												"name": "Refresh_id",
												"type": "String"
											}
										},
										{
											"source": {
												"path": "['refreshType']"
											},
											"sink": {
												"name": "refreshType",
												"type": "String"
											}
										},
										{
											"source": {
												"path": "['startTime']"
											},
											"sink": {
												"name": "startTime",
												"type": "String"
											}
										},
										{
											"source": {
												"path": "['endTime']"
											},
											"sink": {
												"name": "endTime",
												"type": "String"
											}
										},
										{
											"source": {
												"path": "['serviceExceptionJson']"
											},
											"sink": {
												"name": "serviceExceptionJson",
												"type": "String"
											}
										},
										{
											"source": {
												"path": "['status']"
											},
											"sink": {
												"name": "status",
												"type": "String"
											}
										},
										{
											"source": {
												"path": "$['datasetid']"
											},
											"sink": {
												"name": "dataset_id",
												"type": "String"
											}
										},
										{
											"source": {
												"path": "$['groupid']"
											},
											"sink": {
												"name": "group_id",
												"type": "String"
											}
										}
									],
									"collectionReference": "$['value']",
									"mapComplexValuesToString": true
								}
							},
							"inputs": [
								{
									"referenceName": "get_dataset_refrehses_api_ds",
									"type": "DatasetReference",
									"parameters": {
										"groupid": {
											"value": "@item().workspaceId",
											"type": "Expression"
										},
										"datasetid": {
											"value": "@item().id",
											"type": "Expression"
										}
									}
								}
							],
							"outputs": [
								{
									"referenceName": "getdataset_refreshes_sql_ds",
									"type": "DatasetReference"
								}
							]
						}
					]
				}
			}
		],
		"annotations": []
	}
}