{
	"name": "getdatasets",
	"properties": {
		"activities": [
			{
				"name": "Copy data1",
				"type": "Copy",
				"dependsOn": [],
				"policy": {
					"timeout": "0.12:00:00",
					"retry": 2,
					"retryIntervalInSeconds": 60,
					"secureOutput": false,
					"secureInput": false
				},
				"userProperties": [],
				"typeProperties": {
					"source": {
						"type": "RestSource",
						"httpRequestTimeout": "00:01:40",
						"requestInterval": "00.00:00:00.010",
						"requestMethod": "GET",
						"paginationRules": {
							"supportRFC5988": "true"
						}
					},
					"sink": {
						"type": "AzureSqlSink",
						"writeBehavior": "upsert",
						"upsertSettings": {
							"useTempDB": true,
							"keys": [
								"id"
							]
						},
						"sqlWriterUseTableLock": false,
						"disableMetricsCollection": false
					},
					"enableStaging": false,
					"translator": {
						"type": "TabularTranslator",
						"mappings": [
							{
								"source": {
									"path": "['id']"
								},
								"sink": {
									"name": "id",
									"type": "String"
								}
							},
							{
								"source": {
									"path": "['name']"
								},
								"sink": {
									"name": "name",
									"type": "String"
								}
							},
							{
								"source": {
									"path": "['webUrl']"
								},
								"sink": {
									"name": "webUrl",
									"type": "String"
								}
							},
							{
								"source": {
									"path": "['addRowsAPIEnabled']"
								},
								"sink": {
									"name": "addRowsAPIEnabled",
									"type": "String"
								}
							},
							{
								"source": {
									"path": "['configuredBy']"
								},
								"sink": {
									"name": "configuredBy",
									"type": "String"
								}
							},
							{
								"source": {
									"path": "['isRefreshable']"
								},
								"sink": {
									"name": "isRefreshable",
									"type": "String"
								}
							},
							{
								"source": {
									"path": "['isEffectiveIdentityRequired']"
								},
								"sink": {
									"name": "isEffectiveIdentityRequired",
									"type": "String"
								}
							},
							{
								"source": {
									"path": "['isEffectiveIdentityRolesRequired']"
								},
								"sink": {
									"name": "isEffectiveIdentityRolesRequired",
									"type": "String"
								}
							},
							{
								"source": {
									"path": "['targetStorageMode']"
								},
								"sink": {
									"name": "targetStorageMode",
									"type": "String"
								}
							},
							{
								"source": {
									"path": "['createdDate']"
								},
								"sink": {
									"name": "createdDate",
									"type": "String"
								}
							},
							{
								"source": {
									"path": "['contentProviderType']"
								},
								"sink": {
									"name": "contentProviderType",
									"type": "String"
								}
							},
							{
								"source": {
									"path": "['createReportEmbedURL']"
								},
								"sink": {
									"name": "createReportEmbedURL",
									"type": "String"
								}
							},
							{
								"source": {
									"path": "['qnaEmbedURL']"
								},
								"sink": {
									"name": "qnaEmbedURL",
									"type": "String"
								}
							},
							{
								"source": {
									"path": "['isInPlaceSharingEnabled']"
								},
								"sink": {
									"name": "isInPlaceSharingEnabled",
									"type": "String"
								}
							},
							{
								"source": {
									"path": "['workspaceId']"
								},
								"sink": {
									"name": "workspaceId",
									"type": "String"
								}
							},
							{
								"source": {
									"path": "['autoSyncReadOnlyReplicas']"
								},
								"sink": {
									"name": "autoSyncReadOnlyReplicas",
									"type": "String"
								}
							},
							{
								"source": {
									"path": "['maxReadOnlyReplicas']"
								},
								"sink": {
									"name": "maxReadOnlyReplicas",
									"type": "String"
								}
							}
						],
						"collectionReference": "$['value']"
					}
				},
				"inputs": [
					{
						"referenceName": "getdataset_api_ds",
						"type": "DatasetReference"
					}
				],
				"outputs": [
					{
						"referenceName": "getdataset_sql_ds",
						"type": "DatasetReference"
					}
				]
			}
		],
		"annotations": [],
		"lastPublishTime": "2023-11-29T05:26:21Z"
	},
	"type": "Microsoft.DataFactory/factories/pipelines"
}