{
	"name": "getgroups",
	"properties": {
		"activities": [
			{
				"name": "Copy data1",
				"type": "Copy",
				"dependsOn": [],
				"policy": {
					"timeout": "0.12:00:00",
					"retry": 2,
					"retryIntervalInSeconds": 60,
					"secureOutput": false,
					"secureInput": false
				},
				"userProperties": [],
				"typeProperties": {
					"source": {
						"type": "RestSource",
						"httpRequestTimeout": "00:01:40",
						"requestInterval": "00.00:00:00.010",
						"requestMethod": "GET",
						"paginationRules": {
							"supportRFC5988": "true"
						}
					},
					"sink": {
						"type": "AzureSqlSink",
						"writeBehavior": "upsert",
						"upsertSettings": {
							"useTempDB": true,
							"keys": [
								"id"
							]
						},
						"sqlWriterUseTableLock": false,
						"disableMetricsCollection": false
					},
					"enableStaging": false,
					"translator": {
						"type": "TabularTranslator",
						"mappings": [
							{
								"source": {
									"path": "['id']"
								},
								"sink": {
									"name": "id",
									"type": "String"
								}
							},
							{
								"source": {
									"path": "['isReadOnly']"
								},
								"sink": {
									"name": "isReadOnly",
									"type": "String"
								}
							},
							{
								"source": {
									"path": "['isOnDedicatedCapacity']"
								},
								"sink": {
									"name": "isOnDedicatedCapacity",
									"type": "String"
								}
							},
							{
								"source": {
									"path": "['capacityMigrationStatus']"
								},
								"sink": {
									"name": "capacityMigrationStatus",
									"type": "String"
								}
							},
							{
								"source": {
									"path": "['description']"
								},
								"sink": {
									"name": "description",
									"type": "String"
								}
							},
							{
								"source": {
									"path": "['type']"
								},
								"sink": {
									"name": "type",
									"type": "String"
								}
							},
							{
								"source": {
									"path": "['state']"
								},
								"sink": {
									"name": "state",
									"type": "String"
								}
							},
							{
								"source": {
									"path": "['hasWorkspaceLevelSettings ']"
								},
								"sink": {
									"name": "hasWorkspaceLevelSettings",
									"type": "String"
								}
							},
							{
								"source": {
									"path": "['name']"
								},
								"sink": {
									"name": "name",
									"type": "String"
								}
							}
						],
						"collectionReference": "$['value']"
					}
				},
				"inputs": [
					{
						"referenceName": "getgroups_api_ls",
						"type": "DatasetReference"
					}
				],
				"outputs": [
					{
						"referenceName": "getgroups_sql_db",
						"type": "DatasetReference"
					}
				]
			}
		],
		"annotations": [],
		"lastPublishTime": "2023-11-29T05:26:21Z"
	},
	"type": "Microsoft.DataFactory/factories/pipelines"
}