{
	"name": "getreport_pages",
	"properties": {
		"activities": [
			{
				"name": "Lookup1",
				"type": "Lookup",
				"dependsOn": [],
				"policy": {
					"timeout": "0.12:00:00",
					"retry": 0,
					"retryIntervalInSeconds": 30,
					"secureOutput": false,
					"secureInput": false
				},
				"userProperties": [],
				"typeProperties": {
					"source": {
						"type": "AzureSqlSource",
						"queryTimeout": "02:00:00",
						"partitionOption": "None"
					},
					"dataset": {
						"referenceName": "getreports_sql_ds",
						"type": "DatasetReference"
					},
					"firstRowOnly": false
				}
			},
			{
				"name": "ForEach1",
				"type": "ForEach",
				"dependsOn": [
					{
						"activity": "Lookup1",
						"dependencyConditions": [
							"Succeeded"
						]
					}
				],
				"userProperties": [],
				"typeProperties": {
					"items": {
						"value": "@activity('Lookup1').output.value",
						"type": "Expression"
					},
					"isSequential": true,
					"activities": [
						{
							"name": "Copy data1",
							"type": "Copy",
							"dependsOn": [],
							"policy": {
								"timeout": "0.12:00:00",
								"retry": 0,
								"retryIntervalInSeconds": 30,
								"secureOutput": false,
								"secureInput": false
							},
							"userProperties": [],
							"typeProperties": {
								"source": {
									"type": "RestSource",
									"additionalColumns": [
										{
											"name": "reportid",
											"value": {
												"value": "@item().id",
												"type": "Expression"
											}
										},
										{
											"name": "workspaceid",
											"value": {
												"value": "@item().workspaceid",
												"type": "Expression"
											}
										}
									],
									"httpRequestTimeout": "00:01:40",
									"requestInterval": "00.00:00:00.010",
									"requestMethod": "GET",
									"paginationRules": {
										"supportRFC5988": "true"
									}
								},
								"sink": {
									"type": "AzureSqlSink",
									"writeBehavior": "insert",
									"sqlWriterUseTableLock": false
								},
								"enableStaging": false,
								"translator": {
									"type": "TabularTranslator",
									"mappings": [
										{
											"source": {
												"path": "['name']"
											},
											"sink": {
												"name": "name",
												"type": "String"
											}
										},
										{
											"source": {
												"path": "['displayName']"
											},
											"sink": {
												"name": "displayname",
												"type": "String"
											}
										},
										{
											"source": {
												"path": "['order']"
											},
											"sink": {
												"name": "report_order",
												"type": "String"
											}
										},
										{
											"source": {
												"path": "$['reportid']"
											},
											"sink": {
												"name": "report_id",
												"type": "String"
											}
										},
										{
											"source": {
												"path": "$['workspaceid']"
											},
											"sink": {
												"name": "workspace_id",
												"type": "String"
											}
										}
									],
									"collectionReference": "$['value']"
								}
							},
							"inputs": [
								{
									"referenceName": "getreport_pages_api_ds",
									"type": "DatasetReference",
									"parameters": {
										"reportid": {
											"value": "@item().id",
											"type": "Expression"
										},
										"groupid": {
											"value": "@item().workspaceid",
											"type": "Expression"
										}
									}
								}
							],
							"outputs": [
								{
									"referenceName": "ds_getreport_pages",
									"type": "DatasetReference"
								}
							]
						}
					]
				}
			}
		],
		"annotations": []
	}
}