{
	"name": "getreports",
	"properties": {
		"activities": [
			{
				"name": "Copy data1",
				"type": "Copy",
				"dependsOn": [],
				"policy": {
					"timeout": "0.12:00:00",
					"retry": 2,
					"retryIntervalInSeconds": 60,
					"secureOutput": false,
					"secureInput": false
				},
				"userProperties": [],
				"typeProperties": {
					"source": {
						"type": "RestSource",
						"httpRequestTimeout": "00:01:40",
						"requestInterval": "00.00:00:00.010",
						"requestMethod": "GET",
						"paginationRules": {
							"supportRFC5988": "true"
						}
					},
					"sink": {
						"type": "AzureSqlSink",
						"writeBehavior": "upsert",
						"upsertSettings": {
							"useTempDB": true,
							"keys": [
								"id"
							]
						},
						"sqlWriterUseTableLock": false,
						"disableMetricsCollection": false
					},
					"enableStaging": false,
					"translator": {
						"type": "TabularTranslator",
						"mappings": [
							{
								"source": {
									"path": "['id']"
								},
								"sink": {
									"name": "id",
									"type": "String"
								}
							},
							{
								"source": {
									"path": "['reportType']"
								},
								"sink": {
									"name": "reportType",
									"type": "String"
								}
							},
							{
								"source": {
									"path": "['name']"
								},
								"sink": {
									"name": "name",
									"type": "String"
								}
							},
							{
								"source": {
									"path": "['webUrl']"
								},
								"sink": {
									"name": "webUrl",
									"type": "String"
								}
							},
							{
								"source": {
									"path": "['embedUrl']"
								},
								"sink": {
									"name": "embedUrl",
									"type": "String"
								}
							},
							{
								"source": {
									"path": "['datasetId']"
								},
								"sink": {
									"name": "datasetId",
									"type": "String"
								}
							},
							{
								"source": {
									"path": "['workspaceId']"
								},
								"sink": {
									"name": "workspaceId",
									"type": "String"
								}
							}
						],
						"collectionReference": "$['value']"
					}
				},
				"inputs": [
					{
						"referenceName": "getreports_api_ds",
						"type": "DatasetReference"
					}
				],
				"outputs": [
					{
						"referenceName": "getreports_sql_ds",
						"type": "DatasetReference"
					}
				]
			}
		],
		"annotations": [],
		"lastPublishTime": "2023-11-29T05:26:21Z"
	},
	"type": "Microsoft.DataFactory/factories/pipelines"
}