{
	"name": "viewreport",
	"properties": {
		"activities": [
			{
				"name": "Copy data1",
				"type": "Copy",
				"dependsOn": [],
				"policy": {
					"timeout": "0.12:00:00",
					"retry": 2,
					"retryIntervalInSeconds": 60,
					"secureOutput": false,
					"secureInput": false
				},
				"userProperties": [],
				"typeProperties": {
					"source": {
						"type": "RestSource",
						"httpRequestTimeout": "00:01:40",
						"requestInterval": "00.00:00:00.010",
						"requestMethod": "GET",
						"paginationRules": {
							"supportRFC5988": "true"
						}
					},
					"sink": {
						"type": "AzureSqlSink",
						"writeBehavior": "insert",
						"sqlWriterUseTableLock": false
					},
					"enableStaging": false,
					"translator": {
						"type": "TabularTranslator",
						"mappings": [
							{
								"source": {
									"path": "['Id']"
								},
								"sink": {
									"name": "Id",
									"type": "String"
								}
							},
							{
								"source": {
									"path": "['RecordType']"
								},
								"sink": {
									"name": "RecordType",
									"type": "Int32"
								}
							},
							{
								"source": {
									"path": "['CreationTime']"
								},
								"sink": {
									"name": "CreationTime",
									"type": "DateTime"
								}
							},
							{
								"source": {
									"path": "['Operation']"
								},
								"sink": {
									"name": "Operation",
									"type": "String"
								}
							},
							{
								"source": {
									"path": "['OrganizationId']"
								},
								"sink": {
									"name": "OrganizationId",
									"type": "String"
								}
							},
							{
								"source": {
									"path": "['UserType']"
								},
								"sink": {
									"name": "UserType",
									"type": "Int32"
								}
							},
							{
								"source": {
									"path": "['UserKey']"
								},
								"sink": {
									"name": "UserKey",
									"type": "String"
								}
							},
							{
								"source": {
									"path": "['Workload']"
								},
								"sink": {
									"name": "Workload",
									"type": "String"
								}
							},
							{
								"source": {
									"path": "['UserId']"
								},
								"sink": {
									"name": "UserId",
									"type": "String"
								}
							},
							{
								"source": {
									"path": "['ClientIP']"
								},
								"sink": {
									"name": "ClientIP",
									"type": "String"
								}
							},
							{
								"source": {
									"path": "['Activity']"
								},
								"sink": {
									"name": "Activity",
									"type": "String"
								}
							},
							{
								"source": {
									"path": "['ItemName']"
								},
								"sink": {
									"name": "ItemName",
									"type": "String"
								}
							},
							{
								"source": {
									"path": "['WorkSpaceName']"
								},
								"sink": {
									"name": "WorkSpaceName",
									"type": "String"
								}
							},
							{
								"source": {
									"path": "['DatasetName']"
								},
								"sink": {
									"name": "DatasetName",
									"type": "String"
								}
							},
							{
								"source": {
									"path": "['ReportName']"
								},
								"sink": {
									"name": "ReportName",
									"type": "String"
								}
							},
							{
								"source": {
									"path": "['CapacityId']"
								},
								"sink": {
									"name": "CapacityId",
									"type": "String"
								}
							},
							{
								"source": {
									"path": "['CapacityName']"
								},
								"sink": {
									"name": "CapacityName",
									"type": "String"
								}
							},
							{
								"source": {
									"path": "['WorkspaceId']"
								},
								"sink": {
									"name": "WorkspaceId",
									"type": "String"
								}
							},
							{
								"source": {
									"path": "['ObjectId']"
								},
								"sink": {
									"name": "ObjectId",
									"type": "String"
								}
							},
							{
								"source": {
									"path": "['DatasetId']"
								},
								"sink": {
									"name": "DatasetId",
									"type": "String"
								}
							},
							{
								"source": {
									"path": "['ReportId']"
								},
								"sink": {
									"name": "ReportId",
									"type": "String"
								}
							},
							{
								"source": {
									"path": "['EmbedTokenId']"
								},
								"sink": {
									"name": "EmbedTokenId",
									"type": "String"
								}
							},
							{
								"source": {
									"path": "['ArtifactId']"
								},
								"sink": {
									"name": "ArtifactId",
									"type": "String"
								}
							},
							{
								"source": {
									"path": "['ArtifactName']"
								},
								"sink": {
									"name": "ArtifactName",
									"type": "String"
								}
							},
							{
								"source": {
									"path": "['IsSuccess']"
								},
								"sink": {
									"name": "IsSuccess",
									"type": "String"
								}
							},
							{
								"source": {
									"path": "['ReportType']"
								},
								"sink": {
									"name": "ReportType",
									"type": "String"
								}
							},
							{
								"source": {
									"path": "['RequestId']"
								},
								"sink": {
									"name": "RequestId",
									"type": "String"
								}
							},
							{
								"source": {
									"path": "['ActivityId']"
								},
								"sink": {
									"name": "ActivityId",
									"type": "String"
								}
							},
							{
								"source": {
									"path": "['DistributionMethod']"
								},
								"sink": {
									"name": "DistributionMethod",
									"type": "String"
								}
							},
							{
								"source": {
									"path": "['ConsumptionMethod']"
								},
								"sink": {
									"name": "ConsumptionMethod",
									"type": "String"
								}
							},
							{
								"source": {
									"path": "['ArtifactKind']"
								},
								"sink": {
									"name": "ArtifactKind",
									"type": "String"
								}
							},
							{
								"source": {
									"path": "['RefreshEnforcementPolicy']"
								},
								"sink": {
									"name": "RefreshEnforcementPolicy",
									"type": "String"
								}
							}
						],
						"collectionReference": "$['activityEventEntities']"
					}
				},
				"inputs": [
					{
						"referenceName": "viewreport_api_ds",
						"type": "DatasetReference"
					}
				],
				"outputs": [
					{
						"referenceName": "viewreports_sql_ds",
						"type": "DatasetReference"
					}
				]
			}
		],
		"annotations": [],
		"lastPublishTime": "2023-11-29T09:03:18Z"
	},
	"type": "Microsoft.DataFactory/factories/pipelines"
}